{
    "usercommands": [
        "cid",
        "bid",
        "percarrier",
        "pickaxe_id",
        "eid",
        "emoji_id",
        "toy_id",
        "id",
        "outfit",
        "backpack",
        "pet",
        "pickaxe",
        "emote",
        "emoji",
        "toy",
        "item",
        "cid_",
        "bid_",
        "percarrier_",
        "pickaxe_id_",
        "eid_",
        "emoji_",
        "toy_",
        "setstyle",
        "addstyle",
        "item-search"
    ],
    "true": [
        "true",
        "on",
        "accept"
    ],
    "false": [
        "false",
        "off",
        "decline"
    ],
    "me": [
        "me"
    ],
    "prev": [
        "prev"
    ],
    "eval": [
        "eval"
    ],
    "exec": [
        "exec"
    ],
    "restart": [
        "restart"
    ],
    "relogin": [
        "relogin"
    ],
    "reload": [
        "reload"
    ],
    "addblacklist": [
        "addblacklist"
    ],
    "removeblacklist": [
        "removeblacklist"
    ],
    "addwhitelist": [
        "addwhitelist"
    ],
    "removewhitelist": [
        "removewhitelist"
    ],
    "addblacklist_discord": [
        "addblacklist2"
    ],
    "removeblacklist_discord": [
        "removeblacklist2"
    ],
    "addwhitelist_discord": [
        "addwhitelist2"
    ],
    "removewhitelist_discord": [
        "removewhitelist2"
    ],
    "addinvitelist": [
        "addinvitelist"
    ],
    "removeinvitelist": [
        "removeinvitelist"
    ],
    "get": [
        "get"
    ],
    "friendcount": [
        "friendcount"
    ],
    "pendingcount": [
        "pendingcount"
    ],
    "blockcount": [
        "blockcount"
    ],
    "friendlist": [
        "friendlist"
    ],
    "pendinglist": [
        "pendinglist"
    ],
    "blocklist": [
        "blocklist"
    ],
    "outfitmimic": [
        "skinmimic"
    ],
    "backpackmimic": [
        "bagmimic"
    ],
    "pickaxemimic": [
        "pickmimic"
    ],
    "emotemimic": [
        "emotemimic"
    ],
    "whisper": [
        "whisper"
    ],
    "partychat": [
        "partychat"
    ],
    "discord": [
        "discord"
    ],
    "web": [
        "web"
    ],
    "disablewhisperperfectly": [
        "whisperperfect"
    ],
    "disablepartychatperfectly": [
        "partychatperfect"
    ],
    "disablediscordperfectly": [
        "discordperfect"
    ],
    "acceptinvite": [
        "acceptinvite"
    ],
    "acceptfriend": [
        "acceptfriend"
    ],
    "joinmessageenable": [
        "joinmessage"
    ],
    "randommessageenable": [
        "randommessage"
    ],
    "wait": [
        "wait"
    ],
    "join": [
        "join"
    ],
    "joinid": [
        "joinid"
    ],
    "leave": [
        "leave"
    ],
    "invite": [
        "invite"
    ],
    "inviteall": [
        "inviteall"
    ],
    "message": [
        "message"
    ],
    "partymessage": [
        "pmessage"
    ],
    "sendall": [
        "sendall"
    ],
    "status": [
        "status"
    ],
    "avatar": [
        "avatar"
    ],
    "banner": [
        "banner"
    ],
    "level": [
        "level"
    ],
    "bp": [
        "bp"
    ],
    "privacy": [
        "privacy"
    ],
    "privacy_public": [
        "public"
    ],
    "privacy_friends_allow_friends_of_friends": [
        "friends_allow_friends_of_friends"
    ],
    "privacy_friends": [
        "friends"
    ],
    "privacy_private_allow_friends_of_friends": [
        "private_allow_friends_of_friends"
    ],
    "privacy_private": [
        "private"
    ],
    "getuser": [
        "getuser"
    ],
    "getfriend": [
        "getfriend"
    ],
    "getpending": [
        "getpending"
    ],
    "getblock": [
        "getblock"
    ],
    "info": [
        "info"
    ],
    "info_party": [
        "party"
    ],
    "pending": [
        "pending"
    ],
    "removepending": [
        "removepending"
    ],
    "addfriend": [
        "add"
    ],
    "removefriend": [
        "remove"
    ],
    "removeallfriend": [
        "removeallfriend"
    ],
    "remove_offline_for": [
        "remove_offline_for"
    ],
    "acceptpending": [
        "accept"
    ],
    "declinepending": [
        "decline"
    ],
    "blockfriend": [
        "block"
    ],
    "unblockfriend": [
        "unblock"
    ],
    "chatban": [
        "ban"
    ],
    "voice": [
        "voice"
    ],
    "promote": [
        "promote"
    ],
    "kick": [
        "kick"
    ],
    "hide": [
        "hide"
    ],
    "show": [
        "show"
    ],
    "ready": [
        "ready"
    ],
    "unready": [
        "unready"
    ],
    "sitout": [
        "sitout"
    ],
    "match": [
        "match"
    ],
    "unmatch": [
        "unmatch"
    ],
    "swap": [
        "swap"
    ],
    "outfitlock": [
        "skinlock"
    ],
    "backpacklock": [
        "baglock"
    ],
    "pickaxelock": [
        "picklock"
    ],
    "emotelock": [
        "emotelock"
    ],
    "stop": [
        "stop"
    ],
    "addeditems": [
        "addeditems"
    ],
    "shopitems": [
        "shopitems"
    ],
    "alloutfit": [
        "allskin"
    ],
    "allbackpack": [
        "allbag"
    ],
    "allpet": [
        "allpet"
    ],
    "allpickaxe": [
        "allpick"
    ],
    "allemote": [
        "allemote"
    ],
    "allemoji": [
        "allemoji"
    ],
    "alltoy": [
        "alltoy"
    ],
    "cid": [
        "cid"
    ],
    "bid": [
        "bid"
    ],
    "petcarrier": [
        "petcarrier"
    ],
    "pickaxe_id": [
        "pid"
    ],
    "eid": [
        "eid"
    ],
    "emoji_id": [
        "emoji_id"
    ],
    "toy_id": [
        "toy_id"
    ],
    "id": [
        "id"
    ],
    "outfit": [
        "skin"
    ],
    "backpack": [
        "bag"
    ],
    "pet": [
        "pet"
    ],
    "pickaxe": [
        "pickaxe"
    ],
    "emote": [
        "emote"
    ],
    "emoji": [
        "emoji"
    ],
    "toy": [
        "toy"
    ],
    "item": [
        "item"
    ],
    "set": [
        "set"
    ],
    "setvariant": [
        "variant"
    ],
    "addvariant": [
        "addvariant"
    ],
    "setstyle": [
        "style"
    ],
    "addstyle": [
        "addstyle"
    ],
    "setenlightenment": [
        "enlight"
    ]
}
